"addoverlay_fit","Add Overlay Fit"
"upload_failed_files","Die folgenden Dateien konnten nicht hochgeladen werden"
"environment","Umgebung"
"production","Produktion"
"stage","Stage"
"test","Test"
"development","Entwicklung"
"local","Lokal"
"show_cookie_notice","Zeige Cookie Hinweis (EU Richtlinie)"
"upload_plugin","Upload Plugin"
"screen_size_to_small","Dein Bildschirm ist zu klein, um die gewünschte Vorschau anzuzeigen."
"converting","Umwandeln"
"do_not_scale_up","Bitte nicht vergrößern"
"ratio","Verhältnis"
"disable_whoops_error_handler","Whoops error handler deaktivieren"
"decimal_precision","Dezimalgenauigkeit"
"if_specified_decimal_mysql_type_is_used_automatically","Falls angegeben, wird DECIMAL(65,X) automatisch als MySQL Type verwendet"
"only_unsigned","Nur ohne Vorzeichen (unsigned)"
"integer","ganze Zahl (Integer)"
"object_regex_info","RegExp ohne Trennzeichen müssen beide in JS und PHP funktionieren"
"regex_validation","Validierung Regulärer Ausdruck"
"test_string","Teststring"
"regex","RegEx"
"code_before_init","Code vor der Initialisierung"
"code_after_pageview","Code nach der Seitenvorschau"
"code_before_pageview","Code vor der Seitenvorschau"
"select_presetting","Voreinstellung auswählen"
"good","Gut"
"best","Besste(r)"
"average","Durchschnitt"
"language_settings","Spracheinstellungen"
"toolbar_configuration","Toolbar Einstellungen"
"too_many_children_for_recyclebin","Das Element, das in den Papierkorb verschoben werden soll, enthält zu viele Kinder."
"please_enter_the_maximum_viewport_width_in_pixels_allowed_for_this_thumbnail","Bitte gegen Sie die maximal erlaubte Viewport-Breite (in Pixel) für dieses Thumbnail ein."
"experimental","Experimentel"
"example","Beispiel"
"add_media_query","Medienabfrage (Media Query) hinzfügen"
"default","Standard"
"send_as_html_mime","Als HTML/Mime senden"
"send_as_plain_text","Als Klartext senden"
"send_test_email","Test-Email senden"
"global","Weltweit"
"specific_settings","Spezifische Einstellungen"
"metadata","Metadaten"
"login_as_this_user_description","Der folgende Link ist ein temporärer Link, der dir erlaubt dich als diesen User in einem anderen Browser einzuloggen:"
"login_as_this_user","Login mit diesem Benutzer in einem anderen Browser"
"email_address","E-Mailadresse"
"email_blacklist","E-Mail Blacklist"
"allowed_types_to_create","Erlaubte Typen"
"defaults_to_all","Standardwerte für alle"
"analytics_universal_configuration","Universelle Analyse Einstellung z. B. {'cookieDomain': 'example.com'}"
"default_error_page","Standard Fehlerseite"
"error_page","Fehlerseite"
"main_domain","Hauptdomain"
"additional_domains","Zusätzliche Domains (eine Domain pro Linie)"
"redirect_to_main_domain","Leite zusätzliche Domains auf die Haupt-Domain um."
"use_different_email_delivery_settings","Andere Einstellung für die Zustellung von Newsletter verwenden."
"promotion_enquiry_sent_success","Deine Förderungsantrag wurde an den Manager dieses Projekts gesendet."
"budget","Budget"
"duration","Dauer"
"ad_type","Anzeigen-Typ"
"promotion_enquiry_for","Förderungsantrag  für"
"collected_information","Gesammelte Informationen"
"change_persona_to","Persona ändern auf (nicht permanent)"
"bug_report_sent_success","Dein Bug-Report wurde an den Manager dieses Projekts geschickt."
"feature_request_sent_success","Dein Feature-Request wurde an den Manager dieses Projekts geschickt."
"notes_screenshot","Füge einige Anmerkungen auf dem Screenshot hinzu! (Auf das Bild klicken)"
"bug_report_for","Bug Report über"
"feature_request_for","Feature Request über"
"scope","Umfang"
"hit","Treffer"
"session","Session"
"OK","Ok"
"entry_conditions","Konditionen eingeben"
"entry_conditions_description","Die Teilnahmebedingungen werden nur beim ersten Besuch des Users geprüft"
"duplicate","Kopieren"
"optional","optional"
"search_replace_assignments_error","Bitte wähle die zu ersetzenden Items und das neue Zielitem aus."
"replace_assignments_in_selected_elements","Die Zuweisung in den ausgewählten Elementen ersetzen"
"search_replace_assignments","Suche & Ersetze Zuweisungen"
"imageadvanced","Bilder fortgeschritten"
"absolute_path_to_libreoffice","Absoluter Pfad zu LibreOffice"
"absolute_path_to_pngcrush","Absoluter Pfad zu pngcrush"
"absolute_path_to_imgmin","Absoluter Pfad zu imgmin"
"absolute_path_to_jpegoptim","Absoluter Pfad zu jpegoptim"
"absolute_path_to_pdftotext","Absoluter Pfad zu pdftotext"
"word_export_notice","Bitte berücksichtigen Sie, das dieser Export keine Layoutinformationen (oder nur die notwendigsten) enthält und das es nicht möglich ist, die Inhalte wieder zu importieren.Die Sprachauswahl wird benutzt, um die Objekte-Sprache einzustellen (nur lokalisierte Felder werden ausgegeben!)."
"filter_active_message","Möchten Sie nur die gefilterten Werte exportieren?"
"close_others","Alle anderen schließen"
"close_all","Alle schließen"
"close_unmodified","Unbearbeitete schließen"
"classid","Klassen ID"
"parentid","Eltern ID"
"mimetype","MIME-Type"
"modificationdate","Datum der letzten Änderung"
"creationdate","Datum der Erstellung"
"usermodification","Benutzer bearbeiten"
"userowner","Eigentümer des Benutzers"
"fallback_languages","Fallback Sprache (CSV eg. de_CH,de)"
"languages","Sprachen"
"add_language","Sprache hinzufügen"
"default_language","Standardsprache"
"localization_and_internationalization","Lokalisierung und Internationalisierung"
"contact_email","Kontakt E-Mailadresse"
"password_was_not_changed","Das Password wurde nicht geändert, da es nicht sicher genug ist"
"absolute_path_to_ghostscript","Absoluter Pfad zu Ghostscript"
"deactivate_maintenance","Wartung deaktivieren"
"marketing","Marketing"
"universal_analytics_code","Universeller Analytics Code (analytics.js)"
"code_settings","Code Einstellungen"
"advanced_integration","Fortschrittliche Integration"
"personamultiselect","Persona Mehrfachauswahl"
"persona","Persona"
"clear_content_of_current_view","Lösche Inhalt der aktuellen Ansicht"
"highlight_editable_elements","Editierbare Elemente hervorheben"
"continue","Weiter"
"you_have_unsaved_changes","Es liegen Änderungen vor."
"clear_content_of_selected_persona","Inhalt der ausgewählten Zielgruppe (Persona) löschen"
"visitors_of_this_page_will_be_automatically_associated_with_the_selected_personas","Die Besucher dieser Seite werden automatisch mit der ausgewählten Zielgruppe (Persona) assoziiert."
"associate_target_group","Zusammenhängende Zielgruppe"
"target_group","Zielgruppe"
"edit_content_for_persona","Inhalt für Zielgruppe (Persona) ändern"
"select_a_persona","Wähle eine Zielgruppe (Persona) aus"
"problem_creating_new_persona","Es gab ein Problem beim Erstellen einer neuen Persona"
"enter_the_name_of_the_new_persona","Namen der neuen Person eingeben"
"add_persona","Persona hinzufügen"
"personas","Persona"
"global_targeting_rules","Weltweite Segmentierungsregeln"
"personalization","Personalisierung"
"usage_statistics_info","Die Daten, die an die Entwickler von Pimcore gesendet werden, sind 100% anonym und werden verschlüsselt (HTTPS) übertragen. Bitte deaktivieren Sie dies nicht, außer es ist wirklich nötig. Sie können die Daten, welche an das Core Team übermittelt werden, unter /website/var/log/usagelog.log ansehen."
"turn_off_anonymous_usage_submissions","Übermitteln von anonymen Nutzerdaten deaktivieren"
"children","Kinder"
"elements_to_export","Elemente zum Exportieren"
"xliff_export_documents","Wenn Sie etwas übersetzen wollen, z.B. den ganzen /en Baum in eine andere Sprache, erstellen Sie bitte zuerst eine Kopie von /en (z.B. /de), dann exportieren Sie /de für die Übersetzung. Wenn Sie bei der übersetzen XLIFF den englischen Inhalt in /de importieren, wird die deutsche Übersetzung in der XLIFF überschrieben."
"xliff_export_objects","Nur Felder innerhalb eines Localized Field Container werden erkannt. Beim Importieren der übersetzen XLIFF wird die Ursprungssprache nicht verändert. Nur die Felder, die übersetzt werden sollen, werden überschrieben."
"xliff_export_notice","Hier kannst du deine ausgewählten Dokumente und Objekte, für externe Übersetzungen, exportieren."
"important_notice","Wichtige Anmerkung"
"xliff_import_notice","Wähle eine übersetzte XLIFF Datei, welche vorher von Pimcore exportiert und dann von einem Lokalisierungsdienstleister (LSP) oder einer CAT Anwendung übersetzt wurde, aus. Bitte beachte, dass der Import die Elemente, die für den Import ausgewählt wurden, überschreibt (siehe auch Export)"
"shared_translations","Geteilte Übersetzungen"
"translation","Übersetzung"
"add_hotspots","Hotspot hinzufügen"
"composite","Zusammengesetzt"
"origin","Herkunft"
"high_resolution","Hohe Auflösung"
"enter_the_name_of_the_new_extension","Enter the name of the new plugin "
"invalid_plugin_name","Name of plugin not valid"
"create_new_plugin_skeleton","Neues Plug-in Gerüst erstellen"
"lazy_loading_warning","WARNUNG: Lazy Loading ist innerhalb von Localized Fields, Field Collections und Object Bricks nicht möglich."
"textfield","Textfeld"
"add_data","Daten hinzufügen"
"add_marker","Markierung hinzufügen"
"add_hotspot","Hotspot hinzufügen"
"add_marker_or_hotspots","Markierung oder Hotspot hinzufügen"
"create_menu_shortcut","Abkürzung im Menü anlegen"
"nice_name","schöner Name"
"icon_class","Icon Klasse"
"group","Gruppe"
"group_icon_class","Gruppen Icon Klasse"
"display","Anzeigen"
"order","Sortierung"
"filter_type","Art des Filters"
"column_configuration","Spaltenkonfiguration"
"problem_creating_new_custom_report","Beim Erstellen ist ein Problem aufgetreten."
"enter_the_name_of_the_new_report","Gib den Namen des neuen Berichts ein"
"add_custom_report","Individuellen Bericht hinzufügen"
"custom_reports","Individueller Bericht"
"custom_report_adapter_sql","SQL"
"custom_report_adapter_analytics","Analytics"
"custom_report_chart_settings","Diagrammeinstellungen"
"custom_report_charttype","Diagrammtyp"
"custom_report_charttype_none","Keine"
"custom_report_charttype_pie","Kuchendiagramm"
"custom_report_charttype_line","Liniendiagramm"
"custom_report_charttype_bar","Balkendiagramm"
"custom_report_chart_options","Spezifische Diagramm Optionen eingeben"
"custom_report_x_axis","X-Achse"
"custom_report_y_axis","Y-Achse"
"custom_report_datacolumn","Datenspalte"
"custom_report_labelcolumn","Label-Spalte"
"custom_report_groupBy_columns","GroupBy-Spalte"
"custom_report_only_filter","Nur Filter"
"custom_report_filter_and_show","Filtern und Anzeigen"
"custom_report_filter_drilldown","Recherchefilter"
"start_date","Anfangsdatum"
"start_date_relative","Anfangsdatum (relativ zu heute)"
"end_date","Enddatum"
"end_date_relative","Enddatum (relativ zu heute)"
"relative_date_description","d.h. -1m +1d (d=Tage, m=Monate, y=Jahre)"
"no_further_sources_allowed","Keine weitere Datenquelle erlaubt"
"source_definition","Quelle Definition"
"content_social_analysis","Inhalts- und Socialanalyse"
"up","Hoch"
"down","Runter"
"pass_through_params","Parameter durchreichen"
"clear_thumbnails","Miniaturbilder löschen"
"analytics_retargeting_code","Verwende den Retargeting-Code für Analytics (dc.js)"
"analytics_asynchronous_code","Benutze den asynchronen Code für Analytics (ga.js)"
"progress","Fortschritt"
"recipients","Empfänger"
"newsletter_send_error","Der Newsletter kann nicht versandt werden, bitte informieren Sie Ihren Administrator!"
"newsletter_sent_message","Der Newsletter wird nun im Hintergrund an alle Empfänger versendet, (Sie können pimcore schließen) und kann bis zu einer Stunde dauern."
"do_you_really_want_to_send_the_newsletter_to_all_recipients","Wollen Sie den Newsletter jetzt an alle Empfänger senden ?"
"send_test_newsletter","Newsletter Testversandt"
"send_newsletter","Newsletter JETZT versenden"
"object_filter","Objekt Filter"
"test_email_address","Test Email Adresse"
"problem_creating_new_newsletter","Beim erzeugen des neuen Newsletters ist ein Fehler aufgetreten"
"enter_the_name_of_the_new_newsletter","Bitte geben Sie den Namen für den neuen Newsletter ein"
"add_newsletter","Newsletter hinzufügen"
"newsletter","Newsletter"
"newsletter_active","Newsletter is aktiv"
"newsletter_confirmed","Nesletter bestätigt"
"gender","Geschlecht"
"crm","Kundenbeziehungsmanagement(CRM)"
"notes_events","Notizen und Termine"
"robots.txt","robots.txt"
"document_style_editor","Dokument Style-Editor"
"delete_folder","Verzeichnis löschen"
"there_are_more_than_one_items_for_the_given_selector","Es gibt mehr als dieses Item für den gegebenen Selektor, möchtest du die Änderungen auf alle Elemente (Ja) oder nur auf das ausgewählte Element (Nein) anwenden?"
"clear_all_styles","Alle Stile löschen"
"top","Oben"
"bottom","Unten"
"left","Links"
"right","Rechts"
"padding","Padding"
"margin","Margin"
"appearance","Erscheinen"
"font-family","Schriftart Familie"
"font-weight","Schriftstärke"
"line-height","Zeilenhöhe"
"letter-spacing","Buchstabenabstand"
"font-style","Schrift-Stil"
"text-align","Textausrichtung"
"text-decoration","Textverzierung"
"text-transform","Texttransformation"
"hierarchy","Hirarchie"
"no_item_selected","Kein Element selektiert"
"select_element","Selektiertes Element"
"style_editor","Stil Editor"
"preview_and_styles","Vorschau & Stile"
"absolute_path_to_wkhtmltoimage_binary","Absoluter Pfad zum wkhtmltoimage Programm"
"absolute_path_to_wkhtmltopdf_binary","Absoluter Pfad zum wkhtmltopdf Programm"
"use_original_tiff","Verwende Original-TIFF (nur DRUCK)"
"use_original_tiff_description","Verwende Original-TIFF, wenn das Quellformat ein TIFF-Bild ist -> keine Modifikation des Bildes. "
"home","Start"
"sorry_no_data_available","Sorry, keine Daten verfügbar :'("
"top_shares_pages","Am meisten geteilte Seiten"
"social_media","Soziale Netzwerke"
"meta_data","Meta Daten"
"last_update","Letztes Update"
"robots_meta_blocked","Blockiert durch robots Meta"
"robots_txt_blocked","Blockiert durch robots.txt"
"twitter","Twitter"
"opengraph","OpenGraph"
"microdata","Microdata"
"url_parameters","URL Parameter"
"url_length","URL Länge"
"google_plus_one","Google +1"
"facebook_shares","Facebook Geteilt"
"type_reference","Typ Referenz"
"h1_text","H1 Text"
"cleanup_existing_data","Vorhandene Daten aufräumen"
"generate_page_previews","Seitenvorschau generieren"
"SEO","SEO"
"port","Port"
"delivery_settings","Auslieferungs Einstellungen"
"message_parts","Nachrichten Teile"
"bounce_mail_inbox","Bounce-Mail-Box"
"subject","Betreff"
"generate_previews","Vorschauen generieren"
"invalid_class_name","Ungültiger Klassenname"
"poster_image","Bild des Verfassers"
"delete_master_document","Master Dokument löschen"
"open_master_document","Master Dokument öffnen"
"password_protection","Passwort-Schutz"
"http_auth_warning","Warnung: Dies gilt für alle Websites"
"logger","Logger"
"redirect_unknown_domains_to_main_domain","Leite unbekannte Domänen, die nicht für eine Site oder Umleitung benutzt werden, zur Hauptdomäne (siehe oben) um."
"colorspace","Farbraum"
"in_this_case_a_developer_has_to_implement_a_logic_which_handles_this_action","Um diese Aktion auszuführen muss zuerst die Logik von einem Entwickler integriert werden (keine weiteren Einstellungen vorhanden)"
"programmatically","Programmatisch"
"hours","Stunden"
"minutes","Minuten"
"seconds","Sekunden"
"link_clicked","Link geklickt"
"number_of_links_clicked","Anzahl geklickter Links"
"operating_system","Betriebssystem"
"hardware_platform","Hardware Plattform"
"tablet","Tablet"
"time_on_site","Besuchsdauer"
"visited_pages_before_number","n Seiten vorher angesehen"
"number","Nummer"
"visited_page_before","Zuvor besuchte Seite"
"searchengine","Suchmaschine"
"referrer","Referrer"
"referring_site","verweisende Website"
"regular_expression","Regulärer Ausdruck"
"method","Methode"
"hardlink","Hardlink"
"convert_to","Konvertieren nach"
"enable_targeting","Aktiviere Targeting"
"AND","UND"
"OR","ODER"
"AND_NOT","UND NICHT"
"create_a_variant_from_this_page","Erstellen Sie eine neue Variante von der aktuellen Seite, um eine veränderte Version anzubieten"
"radius_in_km","Radius (km)"
"replace","Ersetzen"
"redirect","Umleiten"
"event","Ereignis"
"code_snippet","Code-Schnipsel"
"browser","Browser"
"conditions","Bedingungen"
"problem_creating_new_target","Es gab ein Problem während des Erstellens eines neuen Ziels"
"enter_the_name_of_the_new_target","Namen des neuen Ziels eingeben"
"add_target","Ziel hinzufügen"
"targeting","Targeting"
"debug_admin_translations","Admin-Übersetzungen ausprüfen (eingewickelt in + )"
"paste_inheritance","Einfügen (Vererbung)"
"are_you_sure","Sind Sie sicher?"
"all_content_will_be_lost","Sämtliche Inhalte werden verloren gehen"
"apply_new_master_document","Neues Master-Dokument übernehmen"
"empty_content_master_content","Leerer Inhalt - Dies ist nützlich nach der Erstellung eines neuen Master Dokuments"
"content_master_document","Content-Master Dokument"
"overwrite","Überschreiben"
"click_right_to_overwrite","Rechts-Klick zum Überschreiben"
"open_document_by_id","Dokument mit ID öffnen"
"open_asset_by_id","Öffne Asset via ID"
"open_object_by_id","Objekt mit ID öffnen"
"please_enter_the_id_of_the_asset","Bitte die ID des Asset eingeben"
"please_enter_the_id_of_the_object","Bitte geben Sie die ID des Objekts ein"
"please_enter_the_id_of_the_document","Bitte geben Sie die ID des Dokuments ein"
"open_by_id","Mit ID öffnen"
"element_not_found","Element nicht gefunden"
"short_url","Kurz-URL"
"width_and_height_must_be_an_even_number","Länge und Breite muss immer eine Zahl sein"
"path_or_url_incl_http","Pfad oder URL (inkl. http://)"
"no_matching_document_found_for","Kein passendes Dokument gefunden für"
"open_document_by_url","Dokument mit URL öffnen"
"server_api_key","Server API-Schlüssel"
"browser_api_key","Browser API-Schlüssel"
"add_childs","Childs hinzufügen"
"url_incl_http","URL (inkl. http://)"
"import_from_url","Von URL importieren"
"source_site","Quell-Seite"
"target_site","Zielseite"
"source_entire_url","Ganzer URL als Quelle erachten"
"auto_reload","Automatisch neu laden"
"do_you_really_want_to_leave_the_editmode","Wollen sie den Editmodus wirklich verlassen (NEIN!)"
"or_specify_an_asset_image_below","oder ein Bild angeben"
"analytics_internalid","GA interne ID"
"show_in_google_anaytics","Zeige in Google Analytics"
"medium","Medium"
"style","Style"
"foreground_color","Vordergrundfarbe"
"background_color","Hintergrundfarbe"
"enter_the_name_of_the_new_qrcode","Geben Sie den Namen des neuen QR-Code ein"
"problem_creating_new_qrcode","Beim Erstellen des QR-Codes ist ein Problem aufgetreten"
"saved_successfully","Speichern erfolgreich"
"qr_codes","QR-Codes"
"add_qr_code","QR-Code hinzufügen"
"element","Element"
"notes","Notizen"
"details_for_selected_event","Details für ausgewähltes Element"
"fields","Felder"
"events","Events"
"analytics_settings_description","Um die komplette Google Analytics Integration nutzen zu können, konfigurieren Sie bitte den Google API Service Account bei den Systemeinstellungen."
"webastertools_settings_description","Um die Google Webmaster Tools nutzen zu können, konfigurieren Sie bitten den Google API Service Account in den Systemeinstellungen."
"google_api_key_missing","Google API Private Key nicht gefunden (p12 Datei der API Konsole). Bitte fügen Sie diese an folgender Stelle ein:"
"google_api_private_key_installed","Ihr Google API Schlüssel wurde korrekt installiert"
"google_api_access_description","Dies ist für die Google API Integration erforderlich. Benutzen Sie nur einen 'Service Account' von der Google API Konsole."
"not_possible_with_paging","Bedaure, doch dies ist nicht möglich bei Elementen die als Seiten behandelt werden. Versuchen Sie die Daten neu zu ordnen, um Seiten in der Baumstruktur zu vermeiden."
"not_supported_by_your_browser","Diese Funktion wird von ihrem Browser nicht unterstützt, bitte aktualisieren Sie ihren Browser auf die aktuellste Version."
"absolute_path_to_icc_rgb_profile","Absoluter Pfad zum ICC RGB Farbprofil"
"absolute_path_to_icc_cmyk_profile","Absoluter Pfad zum ICC CMYK Farbprofil"
"upload_path","Upload Pfad"
"inherited","Geerbt"
"length","Länge"
"selection_options","Auswahloptionen"
"show_in_tree","Baumstruktur anzeigen"
"exactmatch","perfekte Übereinstimmung"
"open_document","Dokument öffnen"
"open_image","Bild öffnen"
"expiry","Ablauf"
"mobile","Mobil"
"desktop","Desktop"
"drag_me","zieh mich"
"parameterPost","POST-Parameter"
"parameterGet","GET-Parameter"
"cookies","Cookies"
"serverVars","Server-Variablen"
"group_by_path","Nach Pfad gruppieren"
"flush","Ausgabepuffer leeren (flush)"
"errors_from_the_last_14_days","Fehlermeldungen der letzten 14 Tage"
"http_errors","HTTP-Fehler"
"create_redirect_for_moved_renamed_page","Weiterleitung automatisch erzeugen, wenn eine Seite verschoben oder umbenannt wird."
"show_close_warning","Warnung beim schließen anzeigen"
"attributes","Attribute"
"matching_text","Textübereinstimmung"
"tag_saved_successfully","Tag erfolgreich gespeichert"
"thumbnail_saved_successfully","Miniaturansicht erfolgreich gespeichert"
"any","irgend"
"http_method","HTTP Methode"
"url_pattern","URL Muster(Reg. Ausdruck  z.B. @erfolg@i)"
"beginning","Anfang"
"element_css_selector","Element (CSS Selector)"
"insert_position","Position einfügen"
"code","Code"
"tags","Tags"
"problem_creating_new_tag","Während der Erstellung eines neuen Tags ist ein Problem aufgetreten."
"enter_the_name_of_the_new_tag","Bitte den Namen des neuen Tags eintragen"
"add_tag","Tag hinzufügen"
"tag_snippet_management","Tag & Snippet Management"
"import_class_definition","Klassendefinition importieren"
"Click here to proceed","Klicke hier um fortzufahren"
"Your browser is not supported. Please install the latest version of one of the following browsers.","Dein Browser wird nicht unterstützt. Bitte lade dir die aktuellste Version von einem der aufgeführten Browser herunter."
"open_in_new_window","In neuem Fenster öffnen"
"limit_reached","Limit erreicht"
"robots_txt_exists_on_filesystem","Die Datei robots.txt existiert bereits im Dokument-Root-Ordner des Dateisystems"
"images_with_alt","Bilder mit Alt-Text"
"images_without_alt","Bilder ohne Alt-Text"
"external_links","Externe Links"
"links","Links"
"only_required_for_reporting_in_pimcore_but_not_for_code_integration","Folgendes ist nur erforderlich, wenn Sie die Reporting-Funktionen von Pimcore nutzen wollen. Für die Code-Integration ist dies keine Voraussetzung."
"casesensitive","Groß-/Kleinschreibung berücksichtigen"
"path_aliases","Pfad-Alias"
"path_error_message","Ein Pfad muss mit / beginnen und darf nur folgende Zeichen enthalten: a-zA-Z0-9-_./"
"pretty_url","Hübsche URL"
"pretty_url_label","Hübsche URL (überschreibt den Pfad der Baum-Struktur)"
"search_engine_optimization","Suchmaschinenoptimierung"
"save_success","Speichern erfolgreich"
"save_error","Datei konnte nicht gespeichert werden"
"password_cannot_be_changed","Passwort kann nicht geändert werden"
"old_password","Altes Passwort"
"new_password","Neues Passwort"
"retype_password","Passwort erneut eingeben"
"seo_document_editor","SEO Dokument Editor"
"clear_temp_files","Temporäre Dateien entfernen"
"reports","Berichte"
"routes","Routen"
"all_roles","Alle Rollen"
"add_role","Rolle hinzufügen"
"role_creation_error","Rolle konnte nicht angelegt werden"
"role_save_success","Rolle erfolgreich gespeichert"
"role_save_error","Rolle konnte nicht gespeichert werden"
"roles","Rollen"
"workspaces","Arbeitsbereich/Workspace"
"Username","Benutzername"
"Password","Kennwort"
"Forgot your password","Kennwort vergessen"
"Back to Login","Zurück zum Login"
"Enter your username and pimcore will send a login link to your email address","Geben Sie Ihren Benutzernamen ein und pimcore sendet Ihnen einen Link zum Login per E-Mail"
"Please check your mailbox.","Bitte prüfen Sie Ihren Posteingang"
"Login","Login"
"Submit","Absenden"
"A temporary login link has been sent to your email address.","Ein temporärer Login-Link wurde an Ihre E-Mail-Adresse gesendet"
"system_performance_stability_warning","Bitte diese Aktion nicht ausführen,wenn Sie sich nicht sicher sind, was Sie tun.<br/><b style='color:red'>Diese Aktion kann einen großen Einfluss auf die Stabilität und Performance des gesamtenSystems haben, und kann möglicherweise eine Überlastung oder einen kompletten Absturz des Servers verursachen!</b><br/><br/>Sind Sie sicher ?"
"use_current_player_position_as_preview","Aktuelle Video-Position als Vorschau nutzen."
"select_image_preview","Wähle Bildvorschau"
"preview_not_available","Vorschau nicht vorhanden"
"status","Status"
"video_preview_in_progress","Die Vorschau für dieses Video wird gerade erstellt."
"video_bitrate","Video Bitrate (kB/s)"
"audio_bitrate","Audio Bitrate (kB/s)"
"php_cli_binary_and_or_ffmpeg_binary_setting_is_missing","Das PHP-Commandozeilenprogramm oder FFMPEG wurden nicht gefunden. Bitte stellen Sie sicher, dass beide installiert sowie ausführbar sind und konfigurieren Sie die entsprechenden Pfade in den Systemeinstellungen."
"video_thumbnails","Video Miniaturansichten"
"absolute_path_to_ffmpeg_binary","Absoluter Pfad zur FFMPEG binary"
"absolute_path_to_php_cli_binary","Absoluter Pfad zur PHP Kommandozeile binary"
"module_optional","Modul (optional)"
"do_you_really_want_to_close_pimcore","Sind Sie sicher, dass Sie Pimcore schließen möchten?"
"valid_languages_frontend_description","Diese Einstellung dient dazu, um die Sprachen zu definieren, die dem Editor oder generell innerhalb dieser Instanz zur Verfügung stehen sollen. Dies wird z.B. für die Dokumentsprachen (Eigenschaften Tab) oder auch für die lokalisierten Felder in Objekten verwendet. "
"maximum_items","max. Einträge"
"drop_element_here","Lege das Element hier ab"
"select_specific_area_of_image","Einen Bereich im Bild wählen"
"insert_video_url_here","Füge hier die Video-URL  ein"
"error_pasting_asset","Leider konnte das Asset hier nicht eingefügt werden"
"error_pasting_document","Das Dokument konnte nicht an diese Stelle eingefügt werden."
"paste_recursive_updating_references","Rekursiv einfügen und Referenzen aktualisieren"
"collapsed","eingeklappt"
"add_hardlink","Hardlink hinzufügen"
"source_path","Quellpfad"
"properties_from_source","Verwende Eigenschaften des Quelldokuments"
"inherited_properties_from_source","Vererbe Eigenschaften des Quelldokuments"
"childs_from_source","Verwende Kindelemente des Quelldokuments"
"hardlink_properties","Hardlink EInstellungen"
"click_right_for_more_options","Rechtsklick für mehr Optionen"
"clear_only_output_cache","Nur den Ausgabecache leeren"
"move_to_tab","Als Tab hinzufügen"
"not_supported","Nicht unterstützt"
"show_random_pictures_on_login_screen","Zeige zufällige Bilder im Login-Bereich"
"url_to_custom_image_on_login_screen","URL zu einem eigenen Bild für den Login-Bereich"
"system_infos_and_tools","System Infos & Tools"
"edit_link","Link bearbeiten"
"view_suffix","Nachsilbe"
"sepia","Sepia"
"sharpen","Schärfen"
"gaussianBlur","Gaußscher Weichzeicher"
"radius","Radius"
"sigma","Sigma"
"threshold","Schwelle"
"trim","Beschneiden"
"tolerance","Toleranz"
"grayscale","Graustufen"
"nothing_to_configure","Nichts zu konfigurieren"
"enter_the_name_of_the_new_thumbnail","Gib einen Namen für die neue Miniaturansicht an"
"problem_creating_new_thumbnail","Miniaturansicht konnte nicht erstellt werden, bitte prüfe den Namen (erlaubte Zeichen sind a-z A-Z 0-9 - _)"
"preview_url","Vorschau URL"
"opacity","Durchsichtigkeit"
"applymask","Maskieren"
"addoverlay","Overlay hinzufügen"
"important_use_imagick_pecl_extensions_for_best_results_gd_is_just_a_fallback_with_less_quality","Wichtig: Bitte nutzen Sie die Imagick PECL Erweiterung um gute Ergebnisse zu erreichen, GDlib ist nur ein Fallback mit wendiger Funktionalität und schlechterer Qualität!"
"add_thumbnail","Thumbnail hinzufügen"
"transformations","Transformationen"
"frame","Frame"
"setbackgroundcolor","Hintergrundfarbe setzen"
"setbackgroundimage","Hintergrundbild setzen"
"roundcorners","Ecken abrunden"
"resize","Resize"
"scalebyheight","Skaliere der Höhe nach"
"scalebywidth","Skaliere der Breite nach"
"crop","Zuschneiden"
"rotate","Drehen"
"color","Farbe"
"positioning","Positionierung"
"angle","Winkel"
"label_width","Label Breite"
"label_first_cell","Überschrift erste Zelle"
"cleanup","Bereinigung"
"this_element_cannot_be_edited","Dieses Element kann nicht editiert werden"
"cache_disable_cookies","Ausschlusscookie (kommagetrennt)"
"click_here_to_proceed","Hier klicken zum fortfahren"
"path_to_lessc_optional","Pfad zu lessc (optional)"
"details","Details"
"only_for_ip","Nur für IP (Optional)"
"extension_is_up_to_date","Diese Erweiterung ist auf dem neuesten Stand"
"update_information","Update Information"
"files","Dateien"
"share_extension_upload_summary","Folgende Dateien werden an den Extension Hub an pimcore.org übertragen"
"number_of_files","Anzahl der Dateien"
"share_extension_description","Sie müssen Reguläre Ausdrücke benutzen - ein Ausdruck pro Reihe"
"next","Nächste"
"exclude_files","Exklude-Dateien"
"collecting_download_information","Sammle Download Informationen"
"share","Teilen"
"push_update","Aktualisierung erzwingen"
"collecting_update_information","Aktualisierungsdaten werden gesammelt. Bitte warten..."
"extensions_upload_agree_text","Nach dem Teilen dieser Extension wird sie nicht sofort automatisch öffentlich zugänglich für jeden. Zuerst erscheint die Möglichkeit einige Details, Berechtigungen und Abhängigkeiten für das Plugin / die Extension anzugeben. Danach entscheidet der Entwickler, ob es öffentlich werden soll oder nicht."
"extension_upload_proceed","Ich habe obige Anweisung gelesen. Mit Upload fortfahren."
"please_dont_forget_to_reload_pimcore_after_modifications","Bitte vergessen Sie nicht pimcore nach Ihren Modifikationen neu zu laden"
"enable","Einschalten"
"disable","Abschalten"
"configure","Konfigurieren"
"download_extension","Erweiterungen herunterladen"
"manage_extensions","Erweiterungen verwalten"
"share_extension","Erweiterungen teilen"
"beginning_with_ending_with_optional_slash","Beginnen mit, ... und mit einem optionalen Schrägstrich endend"
"beginning_with","Beginnend mit"
"matching_exact","Genaue Übereinstimmung"
"add_expert_mode","Hinzufügen (Experten Modus)"
"add_beginner_mode","Hinzufügen (Anfänger)"
"cannot_save_object_please_try_to_edit_the_object_in_detail_view","Das Objekt kann nicht gespeichert werden! Bitte bearbeiten Sie das Objekt im Detail."
"size","Größe"
"select_a_file","Wähle eine Datei"
"upload_compatibility_mode","Eine Datei hochladen (Kompatibilitätsmodus)"
"lowest","niedrigste"
"highest","höchste"
"override_all","überschreibe alle"
"the_system_is_in_maintenance_mode_please_wait","Das System ist im Wartungsmodus, bitte warten."
"activate","Aktivieren"
"maintenance_mode","Wartungsmodus"
"translate_content_to","Übersetze Inhalt nach"
"translate_api_key","Translate API Schlüssel"
"image_is_too_small","Bild ist zu klein, bitte wähle ein Größeres."
"new_version_available","Neue Version verfügbar"
"countrymultiselect","Länder (Mehrfachauswahl)"
"languagemultiselect","Sprachen (Mehrfachauswahl)"
"allow_capitals_for_documents","Erlaube Großbuchstaben in URL"
"exif_data","EXIF Daten"
"dimensions","Abmessungen"
"image_details","Grafikdetails"
"yes","Ja"
"no","Nein"
"allow_trailing_slash_for_documents","Erlaube abschließenden Slash bei Dokumenten im Browser"
"none","Keine"
"name_is_not_allowed","Name ist nicht erlaubt"
"system_properties","System Eigenschaften"
"localizedfields","Lokalisierte Felder"
"import_from_server","Von Server importieren"
"upload_files","Dateien hochladen"
"upload_zip","ZIP-Archiv hochladen"
"new_folder","Neuen Ordner"
"please_enter_the_name_of_the_new_folder","Bitte geben Sie den Namen des neuen Ordners ein"
"please_enter_the_name_of_the_new_file","Bitte geben Sie den Namen der neuen Datei an"
"new_file","Neue Datei"
"document_root","Wurzelverzeichnis"
"server_fileexplorer","Server Datei-Explorer"
"proxy_host","Proxy Host"
"proxy_port","Proxy Port"
"proxy_user","Proxy Benutzer"
"proxy_pass","Proxy Passwort"
"proxy_settings","Proxy Einstellungen"
"select_connectivity_type","Wähle Verbindungstyp"
"proxy","Proxy"
"direct_socket","Direkt (Socket)"
"http_connectivity_direct_proxy","HTTP Verbindung (direct, proxy, ...)"
"parent_element","Elternelement"
"import_fieldcollection_definition","Feld-Kollektions Definition importieren"
"batch_change_selected","Stapelzuweisung für ausgewählte Elemente"
"gridview","Tabellarische Ansicht"
"modificationDate","Modifikationsdatum"
"creationDate","Erstellungsdatum"
"visibility_of_system_properties","Sichtbarkeit der Systemfelder"
"translate","übersetzen"
"translations_admin_hint","Hinweis: Bitte klicken Sie auf aktualisieren in Ihrem Browser!"
"download_as_zip","Als ZIP herunterladen"
"locked","Gesperrt"
"element_cannot_be_move_because_it_is_locked","Das Element kann nicht verschoben werden, da es gesperrt ist."
"element_cannot_be_moved","Das Element kann nicht hierher verschoben werden"
"lock","Sperren"
"unlock","Entsperren"
"lock_and_propagate_to_childs","Sperren inkl. Kindelemente"
"unlock_and_propagate_to_children","Entsperren inkl. Kindelemente"
"no_collections_allowed","Keine Verbindungen erlaubt"
"allowed_types","Zulässige Typen"
"columnlength","Spaltenlänge"
"this_is_a_newer_not_published_version","Dies ist eine unveröffentlichte neuere Version"
"direct_sql_query","Direkte SQL Abfrage"
"filter_condition","Filterbedingungen"
"all_types","Alle Typen"
"audio","Audio"
"video","Video"
"archive","Archiv"
"unknown","Unbekannt"
"class","Klasse"
"page","Seite"
"snippet","Schnipsel"
"folder","Ordner"
"your_selection","Deine Auswahl"
"double_click_to_add_item_to_selection","Klicken Sie doppelt auf ein Element auf der linken Seite, um es hier hinzuzufügen"
"visible_in_searchresult","Sichtbar im Suchergebnis"
"visible_in_gridview","Sichtbar in der Gitteransicht"
"fieldcollections","Feldsammlungen"
"fieldcollection_saved_successfully","Feldsammlung erfolgreich gespeichert"
"problem_creating_new_fieldcollection","Beim Erstellen der Feldsammlung ist ein Fehler aufgetreten"
"enter_the_name_of_the_new_fieldcollection","Name der neuen Feldsammlung"
"add_fieldcollection","Feldsammlung hinzufügen"
"field_collections","Feldsammlungen"
"block","Block"
"update_flash","Flash Plugin nicht mehr akuell. Bitte Aktualisieren!"
"tooltip","Tooltip"
"label","Label"
"objectsid","Objekte (ID's)"
"decimalPrecision","Dezimalstellen"
"css_style","CSS Stil"
"error_auth_failed","Anmeldung fehlgeschlagen! Bitte versuchen Sie es erneut."
"error_user_inactive","Dieser Benutzer wurde deaktiviert"
"error_session_expired","Sitzung abgelaufen! Bitte loggen Sie sich erneut ein."
"settings_save_success","Einstellungen erfolgreich gespeichert"
"variation_page","Seitenvariante"
"add_variation_page","neue Seitenvariante erstellen"
"navigation_summary","Zusammenfassung Navigation"
"prev_pages","vorherige Seiten"
"next_pages","nächste Seiten"
"site","Seite"
"descending","absteigend"
"ascending","aufsteigend"
"sort","sortieren"
"results","Ergebnis"
"dimension","Maß"
"metric","Metrisch"
"segment","Segment"
"data_explorer","Datei Explorer"
"navigation","Navigation"
"bounces","Rückläufer"
"entrances","Eingänge"
"exits","Ausgänge"
"uniquePageviews","eindeutige Seitenaufrufe"
"debug_mode_on","DEBUGMODUS"
"restore","Wiederherstellen"
"amount","Anzahl"
"flush_recyclebin","Papierkorb leeren"
"recyclebin","Papierkorb"
"deletedby","Gelöscht von"
"add_setting","Einstellung hinzufügen"
"website_settings","Website Einstellungen"
"reverse","Rückwärts"
"geopolygon","Geografisches Polygon"
"open_select_editor","Öffne Selektions-Editor"
"geobounds","Geografischer Bereich"
"ignore","ignorieren"
"sure_to_install_unstable_update","Sind die sicher dass Sie eine eventuell nicht funktionsfähige Version installieren wollen?"
"there_was_a_problem_creating_a_folder","Konnte den gewünschen Ordner nicht erstellen"
"empty_page","Leere Seite"
"empty_snippet","Leeres Schnipsel"
"empty_email","Leere Email"
"email_log_property","Eigenschaftsschlüssel"
"email_log_data","Daten"
"email_log_resend","Email versenden"
"email_log_resend_window_title","Email erneut versenden"
"email_log_resend_window_msg","Bitte bestätige, dass du die E-Mail wiederholt an alle Empfänger versenden möchtest"
"select_site","Wählen Sie eine Site"
"main_site","Hauptauftritt"
"filename","Dateiname"
"data_mapping","Datenmapping"
"unsupported_filetype","Nicht unterstützes Dateiformat"
"class_saved_successfully","Klasse wurde erfolgreich gespeichert"
"class_save_error","Klasse kann nicht gespeichert werden"
"show_root_node","Zeige Wurzelverzeichnis"
"root_folder","Wurzelverzeichnis"
"email_log_resend_window_success_message","Die E-Mail wurde erfolgreich an alle Empfänger versendet"
"email_log_resend_window_error_message","Ein Fehler ist aufgetreten. Die Email konnte nicht versendet werden"
"condition","Bedingung"
"custom_views","Eigene Ansichten"
"error_jobs","Folgende Jobs schlugen fehl"
"batch_change","Batch Zuweisung"
"batch_edit_field","Batch Zuweisung des Feldes"
"published","Veröffentlicht"
"all","alle"
"items_per_page","Elemente pro Seite"
"analytics_accountid","Account-ID (z.B. 1234567)"
"reload_pimcore_changes","Pimcore muss nun neu geladen werden, damit die Änderungen wirksam werden, wollen Sie das jetzt tun?"
"info","Info"
"ab_test_was_created_successfully","Ihr A/B Test wurde erfolgreich angelegt."
"ab_test_error","Ihr A/B Test konnte leider nicht erstellt werden."
"add_your_test_pages","Füge hier die gewünschten Seiten hinzu, die am Experiment teilnemen sollten"
"create_ab_description","Erstellen Sie hier einen neuen A/B Test mithilfe von Google Analytics und Google Website Optimizer"
"experiment_name","Name des Experiments"
"conversion_page","Conversion (Ziel-)Seite"
"test_page","Testseite"
"URL","URL"
"select_version","Wähle eine Version"
"or","oder"
"link_settings","Link-Einstellungen"
"error_pasting_object","Fehler beim Einfügen des Objekts"
"paste_contents","Hier nur Inhalte einfügen"
"paste_as_child","Einfügen als Kindelement"
"paste_recursive_as_childs","Einfügen als Kindelement (rekursiv)"
"view_original","Original öffnen"
"feed","Feed"
"no_items_found","Keine Artikel gefunden"
"no_objects_found","Keine Objekte gefunden"
"no_assets_found","Keine Assets gefunden"
"no_documents_found","Keine Dokumente gefunden"
"public_url","Öffentliche URL"
"create_ab_test","Erstelle A/B Test"
"google_websiteoptimizer","Google Website Optimizer"
"pageviews","Seitenaufrufe"
"unique_pageviews","Eindeutige Seitenaufrufe"
"visits","Besucher"
"pagespervisit","Seiten / Besuch"
"average_timeonsite","Durchschn. Besuchszeit"
"bouncerate","Absprungrate"
"link_sources","Link-Quellen"
"google_crawling_issues","Google Crawler Ergebnisse (Klicke auf Zeile für Details)"
"detail","Detail"
"crawling_issues","Crawler Ereignisse"
"internal_keywords","Interne Keywords"
"external_keywords","Externe Keywords"
"google_webmastertools","Google Webmastertools"
"verification_filename_text","Verifizierungsdateiname<br/><small>für die Verifizierung benötigt</small>"
"analytics_notice","Bitte lies zuerst die Dokumentation über die Google Analytics Integration, für den Erweiterten Modus sind zuätzliche Konfigurationen in Google Analytics notwendig."
"outputcache_lifetime_description","Optionale output-cache Lifetime (in Sekunden), nach der die Elemente im Speicher ablaufen. Wenn nicht definiert wird der Cache nach jeder Aktion innerhalb des CMS gelöscht, sonst nicht (für häufig genutze Seiten)"
"exclude_patterns_description","Regulärer Ausdruck, wie |^/dir/to/exclude/|"
"analytics_trackid_code","Tracking-ID (z.B. UA-XXXXX-X)<br/><small>für die Code-Einbindung benötigt </small>"
"analytics_settings_profile_description","Um das gewünschte Profil auswählen zu können müssen in den System-Einstellungen (Google-Account) oder in unten stehenden Feldern die Benutzerdaten für das gewünschte Konto eingegeben werden."
"report_settings","Report Einstellungen"
"overview","Übersicht"
"visitor_overview","Besucher Übersicht"
"other","Sonstige"
"google_analytics","Google Analytics"
"select_a_report","Wählen Sie einen Report"
"reports_and_marketing","Berichte & Marketing"
"multiselect","Mehrfachauswahl"
"handler","Funktion"
"invisible","Unsichtbar"
"only_configured_languages","Nur im System eingestellte Sprachen anzeigen"
"forms","Formulare"
"add_form_component","Formularkomponente hinzufügen"
"save_only_scheduled_tasks","Nur Zeitplan speichern"
"minify_javascript_algorithm","Javascript Minimieralgorithmus"
"modified_assets","Geänderte Assets"
"modification_statistic","Änderungen in den letzen 31 Tagen"
"minify_javascript","Javascript minimieren"
"minify_css","CSS minimieren"
"content","Inhalt"
"add_portlet","Portlet hinzufügen"
"system_statistics","Systemstatistiken"
"modified_documents","Geänderte Dokumente"
"modified_objects","Geänderte Objekte"
"welcome","Willkommen"
"save_and_publish","Speichern und Veröffentlichen"
"delete","Löschen"
"save","Speichern"
"your_asset_has_been_saved_successfully","Dein Asset wurde erfolgreich gespeichert!"
"add_assets","Asset(s) hinzufügen"
"preview","Vorschau"
"edit_image","Bild bearbeiten"
"simple","Einfach"
"advanced","Fortgeschritten"
"basic","Basis"
"permissions","Berechtigungen"
"assets_permissions","Assets Berechtigungen"
"documents_permissions","Dokumente Berechtigungen"
"objects_permissions","Objekte Berechtigungen"
"username","Benutzername"
"list","Auflistung"
"view","Betrachten"
"publish","Veröffentlichen"
"rename","Umbenennen"
"create_childs","Erstellen von Kindelementen"
"settings","Einstellungen"
"properties","Eigenschaften"
"versions","Versionen"
"add","Hinzufügen"
"date","Datum"
"user","Benutzer"
"note","Anmerkung"
"available_versions","Verfügbare Versionen"
"controller_and_view_settings","Controller- und View-Einstellungen"
"email_from","von"
"email_subject","Betreff"
"email_to","an"
"email_cc","in Kopie"
"email_bcc","in Blindkopie"
"email_receive_empty_text","Liste der Empfänger"
"email_settings","E-Mail-Einstellung"
"email_settings_receiver_description","Mehrere Empfänger können angegeben werden, indem die E-Mail-Adressen mit einem Semikolon getrennt angegeben werden.Beispiel: receiver@pimcore.org; receiver2@pimcore.org"
"email_logs","Versendete E-Mails"
"email_log_from","von"
"email_log_to","an"
"email_log_cc","in Kopie"
"email_log_bcc","in Blindkopie"
"email_log_sent_Date","Datum gesendet"
"email_log_subject","Betreff"
"email_log_show_html_email","Zeige HTML-E-Mail"
"email_log_show_text_email","Zeige Text-E-Mail"
"email_log_iframe_title_html","HTML-Version der E-Mail"
"email_log_iframe_title_text","Textversion der E-Mail"
"email_log_show_text_params","Dynamische Parameter zeigen"
"email_log_iframe_title_params","Dynamische Parameter"
"email_log_html","HTML"
"email_log_text","Text"
"email_log_params","Dynamische Parameter"
"predefined_document_type","Vordefinierte Dokumenttypen"
"controller","Controller"
"module","Modul"
"action","Aktion"
"actions","Aktionen"
"template","Vorlage"
"path_and_key_settings","Pfad- und Schlüssel-Einstellungen"
"path","Pfad"
"key","Schlüssel"
"id","ID"
"name_and_meta_data","Name & Metainformationen"
"name","Name"
"title","Titel"
"description","Beschreibung"
"keywords","Stichwörter"
"your_document_has_been_saved","Dein Dokument wurde erfolgreich gespeichert!"
"unpublish","Unveröffentlichen"
"internal_link","Interner Link"
"link_properties","Link Eigenschaften"
"target","Ziel"
"type","Typ"
"external_link","Externer Link"
"add_folder","Ordner hinzufügen"
"edit_filename","Umbenennen"
"please_enter_the_name_of_the_folder","Bitte gib den Namen des Ordners ein"
"upload_your_files_press_shift_to_select_multiple_files","Lade deine Dateien hoch, drücke Shift um mehrere Dateien auszuwählen"
"please_enter_the_new_name","Bitte gib den neuen Namen ein:"
"the_filename_is_already_in_use","Der gewünschte Dateiname existiert bereits, bitte verwende einen anderen"
"add_page","Seite erstellen"
"add_snippet","Schnipsel einfügen"
"add_email","E-Mail hinzufügen"
"add_link","Link hinzufügen"
"copy","Kopieren"
"paste","Einfügen"
"edit_key","Schlüssel editieren"
"use_this_as_document_root_for_new_site","Benutze dies als Wurzelverzeichnis für eine neue Site"
"please_enter_the_domains_for_the_new_site","Bitte gib hier die Domain(s) [kommagetrennt] für die neue Site ein"
"edit_site","Seite bearbeiten"
"please_enter_the_domains_for_the_site","Bitte gib hier die Domain(s) [kommagetrennt] für die Site ein"
"please_enter_the_new_key","Bitte gib den neuen Schlüssel ein"
"the_key_is_already_in_use_in_this_level_please_choose_an_other_key","Der gewünschte Schlüssel existiert bereits, bitte gib einen anderen ein"
"close_all_tabs","Schließe alle Tabs"
"search","Suchen"
"import","Import"
"export","Export"
"clear_cache","Zwischenspeicher löschen"
"extensions","Erweiterungen"
"backup","Datensicherung"
"glossary","Glossar"
"document_types","Dokumenttypen"
"predefined_properties","Vordefinierte Eigenschaften"
"users","Benutzer"
"profile","Benutzerprofil"
"you_are_not_allowed_to_manage_admin_users","Du hast keine Berechtigung Administrationsbenutzer zu verwalten"
"my_profile","Mein Profil"
"system","System"
"update","Update"
"documentation","Dokumentation"
"report_bugs","Fehler melden"
"about","Über"
"file","Datei"
"extras","Extras"
"help","Hilfe"
"configuration","Konfiguration"
"content_type","Inhalts-Typ"
"value","Wert"
"new_property","Neue Eigenschaft"
"add_a_predefined_property_set","Erstelle ein neues vordefiniertes Eigenschafts-Set"
"select_a_property","Wähle eine Eigenschaft"
"add_a_custom_property","Erstelle eine neue Eigenschaft"
"all_users","Alle Benutzer"
"general","Allgemein"
"admin","Administrator"
"password","Passwort"
"language","Sprache"
"please_enter_the_name","Bitte Namen eingeben:"
"new_document_type","Neuer Dokumenttyp"
"system_settings","Systemeigenschaften"
"timezone","Zeitzone"
"mysql_database","MySQL Datenbank"
"host","Host"
"database_name","Datenbankname"
"database_port","Datenbankport"
"chmod_folder","CHMOD Ordner"
"chmod_files","CHMOD Dateien"
"hostname_for_webdav","Hostname für WebDAV"
"api_key","API Schlüssel"
"secret","Geheim"
"client_id","Client-ID"
"image_thumbnails","Bilder-Icons"
"thumbnails","Miniaturansichten"
"quality","Qualität"
"interlace","Interlace"
"aspect_ratio","Seitenverhältnis beibehalten"
"format","Format"
"trees","Baumknoten"
"documents","Dokumente"
"assets","Assets"
"upload","Hochladen"
"width","Breite"
"height","Höhe"
"empty","Leer"
"workflow","Arbeitsschritt"
"modify","Modifizieren"
"create","Erstellen"
"edit","Bearbeiten"
"logout","Ausloggen"
"cache","Zwischenspeicher"
"temporary_files","Temporäre Dateien  "
"clear_temporary_files","Temporäre Dateien löschen"
"store_version_history_in_days","Versionshistorie für X Tage speichern"
"store_version_history_in_steps","Versionshistorie für X Stufen speichern"
"refresh","Neu laden"
"classes","Klassen"
"static_routes","Statische Routen"
"add_class","Klasse hinzufügen"
"enter_the_name_of_the_new_class","Geben Sie den neuen Namen der Klasse ein"
"layout","Layout"
"add_layout_component","Layoutkomponente hinzufügen"
"add_data_component","Datenkomponente hinzufügen"
"accordion","Accordion"
"fieldset","Feldgruppe"
"panel","Panel"
"tabpanel","Reiterpanel"
"pattern","Pattern"
"variables","Variablen"
"defaults","Vorgabewerte"
"input","Eingabefeld"
"checkbox","Checkbox"
"textarea","Textfeld"
"wysiwyg","WYSIWYG"
"numeric","Zahl"
"href","Verknüpfung"
"image","Bild"
"select","Auswahl"
"objects","Objekte"
"structured","Strukturiert"
"geo","Geographisch"
"base","Basis"
"default_controller","Standard-Controller"
"default_action","Standard-Action"
"error_pages","Fehlerseiten"
"no_preview_available","Es ist leider keine Vorschau verfügbar."
"add_object","Objekt hinzufügen"
"basic_configuration","Basis Konfiguration"
"allow_inherit","Vererbung erlauben"
"parent_class","Elternklasse"
"use_traits","Use (traits)"
"general_settings","Allgemeine Einstellungen"
"layout_settings","Anzeige-Einstellungen (Pimcore Admin)"
"region","Region"
"border","Rahmen"
"collapsible","Schließbar"
"display_layout_to_users","Zeige Layout nur folgenden Benutzern"
"allowed_classes","Berechtigte Klassen"
"display_name","Angezeigter Name"
"not_editable","Nicht editierbar"
"floating","Element fließend"
"index","Indiziert"
"mandatoryfield","Pflichtfeld"
"use_as_site","Als eigene Site benutzen"
"edit_domains","Domains bearbeiten"
"remove_site","Site entfernen"
"text","Text"
"document","Dokument"
"asset","Assets"
"bool","Bool"
"object","Objekt"
"remove","Entfernen"
"your_object_has_been_saved","Ihr Objekt wurde gespeichert"
"hidden_dependencies","Es gibt zusätzliche Abhängigkeiten, die der aktuelle User nicht sehen darf."
"loading","Wird geladen"
"open","Öffnen"
"pimcore_setup","Installer"
"pimcore_setup_not_allowed","pimcore scheint bereits installiert zu sein. Eine erneute Installation ist nicht möglich."
"pimcore_setup_not_ready","Es sind Fehler aufgetreten. Pimcore ist noch nicht bereit für das Setup"
"db_settings_found","INFO: Datenbank Einstellungen gefunden."
"db_already_setup","INFO: Die Datenbank ist erreichbar."
"could_not_create_tables","ERROR: Einspielen des DB Dumps fehlgeschlagen"
"could_not_create_dir_for_log","ERROR! Verzeichnis für Logfile konnte nicht angelegt werden."
"could_not_write_log","ERROR! Logfile nicht schreibbar. Bitte Berechtigungen anpassen"
"system_xml_not_writeable","ERROR! website/var/config/system.xml ist nicht schreibbar."
"system_xml_dir_not_writeable","ERROR! Das Verzeichnis website/var/config ist nicht schreibbar."
"system_xml_exists","Achtung! Die Datei website/var/config/system.xml existiert bereits und wird durch den Installer überschrieben."
"could_not_verify_db_encoding","ERROR! Datenbank Zeichensatz konnte nicht festestellt werden."
"wrong_db_encoding","ERROR! Die Datenbank hat nicht den utf8 Zeichensatz."
"no_db_connection","ERROR! Es konnte keine Verbindung zur Datenbank hergestellt werden."
"db_adapter_unknown","ERROR! Der DB-Adapter ist unbekannt."
"could_not_create_admin_user","ERROR! Der Admin User konnte nicht angelegt werden."
"add_user","Benutzer hinzufügen"
"could_not_write_system_xml","ERROR! Die system.xml konnte nicht erstellt werden."
"pimcore_setup_completed","pimcore Setup erfolgreich abgeschlossen!"
"submit","Absenden"
"steps_description","Wenn für die Versionierung Schritte anstatt von Tagen verwendet werden sollen, bitte das Feld 'Tage' leer lassen"
"days","Tage"
"steps","Schritte"
"adapter","Datenbankadapter"
"dbname","Datenbankname"
"database","Datenbank "
"version_days","Tage für Versionierung"
"version_steps","Schritte für Versionierung"
"problem_creating_new_class","Es trat ein Problem beim Erstellen der neuen Klasse auf, bitte beachten Sie, dass der Klassenname länger als 2 Zeichen sein muss."
"seemode","Vorschaumodus"
"edit_current_page","Diese Seite bearbeiten"
"close","Schließen"
"name_already_in_use","Name wird bereits verwendet"
"name_and_key_must_be_defined","Name und Typ müssen definiert sein"
"mandatory_field_empty","Bitte alle Pflichtfelder ausfüllen"
"plugins","Plugins"
"plugin_info","Plugin Informationen"
"available_plugins","Verfügbare Plugins"
"settings_plugins","Optionen"
"plugin_classname","Plugin Klasse"
"plugin_includepaths","Plugin Include Pfade"
"plugin_namespaces","Plugin Namensräume"
"plugin_jspaths","Plugin JavaScripts"
"plugin_csspaths","Plugin CSS Dateien"
"install","Installieren"
"uninstall","Deinstallieren"
"plugin_uninstall_warning","Möchten Sie dieses Plugin wirklich deinstallieren? ACHTUNG! Alle Daten in Zusammenhang mit diesem Plugin werden gelöscht"
"some_fields_cannot_be_saved","Einige Felder konnten nicht gespeichert werden"
"icon_path","Pfad zum Icon"
"reload","Neu laden"
"plugin_needs_reload","Dieses Plugin erfordert das Neuladen der Benutzeroberfläche. Möchten Sie das jetzt tun?"
"plugin_installing_please_wait","Plugin wird installiert, bitte warten ... "
"schedule","Zeitplan"
"time","Uhrzeit"
"version","Version"
"active","Aktiv"
"success","OK"
"successful_saved_document","Ihr Dokument wurde gespeichert."
"error_moving_document","Das Dokument konnte nicht verschoben werden."
"translations","Übersetzungen"
"translations_admin","Übersetzungen für die Administrationsoberfläche"
"debug_description","Ist der Debug-Modus aktiviert, werden Fehler und Warnungen direkt an den Browser gesendet und zusätzlich nach /website/var/log/debug.log geschrieben, ansonsten werden Fehler unterdrückt und der Error-Controller aktiviert (Fehlerseite)"
"icon","Icon"
"add_document","Dokument hinzufügen"
"please_enter_the_name_of_the_new_document","Bitte geben Sie den Namen des neuen Dokuments ein"
"successful_saved_asset","Asset wurde gespeichert"
"error_saving_asset","Asset konnte nicht gespeichert werden"
"error_saving_document","Dokument konnte nicht gespeichert werden"
"error_saving_object","Objekt konnte nicht gespeichert werden"
"please_enter_the_name_of_the_new_object","Bitte geben Sie den Namen für das neue Objekt ein"
"slider","Slider"
"name_not_valid","Name ist ungültig"
"filename_not_valid","Name ist ungültig"
"firstname","Vorname"
"lastname","Nachname"
"email","Email"
"cant_move_node_to_target","Verschieben nicht möglich"
"error_moving_object","Objekt konnte nicht verschoben werden"
"error_creating_object","Das Objekt konnte nicht erstellt werden."
"error_creating_document","Das Dokument konnte nicht erstellt werden."
"domain","Domain (z.B.: example.org)"
"translations_are_not_configured","Übersetzungen sind nicht konfiguriert"
"read_more_here","Lesen Sie hier mehr dazu"
"admin_theme","Admin-Theme"
"publish_version","Version veröffentlichen"
"no_version","keine Versionen"
"save_only_new_version","Nur neue Version speichern"
"there_is_a_newer_not_published_version","Es gibt eine neuere nichtveröffentlichte Version"
"datetime","Datum & Uhrzeit"
"google_credentials_and_api_keys","Google Zugangsdaten & API Schlüssel"
"default_value","Standardwert"
"button","Knopf"
"priority","Priorität"
"from","Von"
"to","An"
"start","Beginn"
"end","Ende"
"location","Ort"
"every","Jeden"
"su","So"
"mo","Mo"
"tu","Di"
"we","Mi"
"th","Do"
"fr","Fr"
"sa","Sa"
"categories","Kategorien"
"multihref","Multiverknüpfung"
"session_error_text","Es scheint, als würde es ein Problem mit Ihrer Session geben, wollten Sie trotzdem auf eigenes Risiko eingeloggt bleiben?"
"session_error","Session Fehler"
"update_successful","Update erfolgreich!"
"select_plugin_update","Bitte Plugin Update für Installation wählen"
"select_update","Update wählen"
"stable_updates","Verfügbare stabile Versionen"
"non_stable_updates","Verfügbare non-stable Updates"
"looking_for_updates","Pimcore sucht nach neueren Versionen<br />Dies kann einige Zeit in Anspruch nehmen."
"please_wait","Bitte warten ..."
"latest_version_already_installed","Die neueste Version ist bereits installiert."
"latest_pimcore_version_already_installed","Es ist bereits die neueste Version von Pimcore installiert."
"plugin_update_error","Ein Fehler ist aufgetreten, bitte überprüfen Sie die Ordnerreche oder versuchen Sie es später nocheinmal"
"update_error","Ein Fehler ist aufgetreten.<br /><br />"
"downloading_packages","Pakete werden heruntergeladen ..."
"start_update","Aktualisierung starten"
"update_in_progress","Update wird durchgeführt ..."
"plugindownload","Download Plugins"
"download_plugins","Download Plugins"
"download","Download"
"revision","Revision"
"plugin_downloaded","Plugin heruntergeladen"
"plugin_downloaded_info","Plugin wurde hinzugefügt. Bitte verfügbare Plugins aufrufen und das Plugin installieren."
"plugin_download_failed","Download fehlgeschlagen"
"plugin_download_failed_info","Der Plugin Download hat fehlgeschlagen. Bitte Berechtigungen prüfen!"
"plugin_repositories","Plugin-Server (kommagetrennt)"
"inheritable","Vererbbar"
"table","Tabelle"
"rows","Zeilen"
"cols","Spalten"
"data","Daten"
"redirects","Weiterleitungen"
"source","Quelle"
"language_admin","Standardsprache Admin"
"valid_languages_frontend","Valide Sprachen im Frontend (z.B.: de,en)"
"link","Link"
"abbr","Abkürzung"
"acronym","Acronym"
"downloading_plugin","Plugin wird heruntergeladen ... "
"cache_enabled","Einschalten"
"exclude_patterns","Ausschluss-Muster"
"stop","Stop"
"outputfilters","Ausgabefilter"
"image_datauri_filter","Image DataURI"
"dependencies","Abhängigkeiten"
"requires","Verwendet"
"required_by","Wird verwendet von"
"search_edit","Suchen, Bearbeiten und Exportieren"
"subtype","Untertyp"
"minify_html","HTML minimieren"
"initializing","Initialisiere ..."
"backup_error","Während des Backups trat ein Fehler auf"
"plugin_dir_error","Das Plugin Verzeichnis existiert nicht oder ist nicht schreibbar."
"user_save_success","Die Benutzerprofildaten wurden erfolgreich gespeichert."
"user_save_error","Die Benutzerprofildaten konnten nicht gespeichert werden."
"system_settings_save_success","System Einstellungen erfolgreich gespeichert."
"system_settings_save_error","Die System Einstellungen konnten nicht gespeichert werden."
"maintenance_not_active","Das automatische Wartungsscript scheint nicht korrekt eingerichtet zu sein"
"mail_settings_incomplete","Die Einstellungen für E-Mail sind scheinbar unvollständig"
"cover","Cover"
"contain","Contain"
"please_select_a_type","Bitte wählen Sie einen Typ"
"min_value","min. Wert"
"max_value","max. Wert"
"increment","Erhöhungsschrittweite"
"vertical","Vertikal"
"filter","Filter"
"add_filter","Filter hinzufügen"
"field","Feld"
"operator","Operator"
"apply","Anwenden"
"clear_filter","Filter löschen"
"output_cache","Ausgabe-Cache"
"lifetime","Dauer"
"country","Land"
"show","Anzeigen"
"public","Öffentlich"
"maximum_2_versions","Sie können max. 2 Versionen vergleichen"
"error","Fehler"
"element_is_locked","Element wird gerade bearbeitet"
"element_lock_message","Das gewünschte Element wird gerade von einer anderen Person bearbeitet:"
"element_lock_question","Wollen Sie das Element dennoch öffnen?"
"since","Seit"
"longitude","Längengrad"
"latitude","Breitengrad"
"zoom_level","Zoomgrad"
"map_type","Kartenart"
"roadmap","Verkehr"
"satellite","Satellit"
"hybrid","Hybrid"
"geopoint","Geografischer Punkt"
"google_api_key_simple","Google API Schlüssel (Simple-API Zugriff für Maps, CSE, ...)"
"google_api_key_service","Google API Voraussetzungen (Service Account Client ID für Analytics, ...)"
"cancel","Abbrechen"
"current_address","Aktuelle Adresse"
"open_search_editor","Sucheditor öffnen"
"parameters","Parameter"
"anchor","Anker"
"accesskey","Zugangsschlüssel"
"relation","Relation"
"tabindex","Tab-Index"
"not_set","Nicht gesetzt"
"document_restrictions","Dokument Restriktionen"
"asset_restrictions","Asset Restriktionen"
"object_restrictions","Objekt Restriktionen"
"allow_documents","erlaube Dokumente"
"allow_assets","erlaube Assets"
"allow_objects","erlaube Objekte"
"allowed_types_hint","(leer = erlaube alle)"
"allowed_document_types","Erlaubte Dokument-Typen"
"allowed_asset_types","Erlaubte Asset-Typen"
"export_csv","CSV Export"
"import_csv","CSV Import"
"show_welcome_screen","Willkommens-Screen beim Start zeigen"
"edit_user_permissions","Benutzerberechtigungen editieren"
"plugin_misconfiguration","Plugins können nicht geöffnet werden. Bitte Schreibrechte auf Plugin Ordner und Plugin Server in System Einstellungen prüfen."
"plugin_repositories_description","Einen oder mehrerere Plugin-Server, zu denen sich pimcore verbindet um Plugins zu laden und aktualisieren, angeben"
"website","Webseite"
"plugin_build","Plugin Build"
"permission_overwrite_children","Speichern & Überschreiben aller zugehörigen Childs"
"permission_reset","Zurücksetzen"
"superselectbox_empty_text","Bitte gewünschten Wert eingeben und Enter drücken"
"valid_languages_frontend_empty_text","Bitte gültige Sprachen auswählen"
"language_download","Systemsprachen herunterladen"
"language_downloaded","Die Sprachdatei wurde heruntergeladen."
"language_downloaded_info","Die Sprachdatei wurde erfolgreich heruntergeladen. Pimcore muss neu geladen werden, damit die Sprache verfügbar wird. Möchten Sie das jetzt tun?"
"language_download_failed","Download der Systemsprache fehlgeschlagen"
"language_download_failed_info","Die Sprachdatei konnte nicht herunter geladen werden."
"language_translation_percentage","übersetzt"
"downloading_language","Die Sprachdatei wird heruntergeladen ..."
"user_creation_error","Konnte User nicht erstellen"
"duplicate_username","Benutzername und Gruppe müssen eindeutig sein"
"importFileHasHeadRow","Erste Zeile ist Überschrift"
"log_messages_user_mail_description","E-Mail Empfänger für Nachrichten der aktivierten Log-Levels. Auswählbar sind nur Admin-Benutzer mit hinterlegter E-Mail-Adresse. Stellen Sie sicher, dass die E-Mail-Einstellungen korrekt sind."
"log_messages_user_mail_recipient","E-Mail-Empfänger für Lognachrichten"
"loglevels","Protokollstufen"
"loglevels_description","Die angehakten Log-Levels werden nach website/var/Log/debug.log geschrieben. Kritische Fehler werden immer geloggt, diese sollten nicht deaktiviert werden."
"email_senderemail","E-Mail Absender"
"email_sendername","Absender Name"
"email_returnemail","E-Mail Empfänger"
"email_returnname","Empfänger Name"
"email_method","E-Mail Methode"
"email_smtp_host","SMTP Host"
"email_smtp_port","SMTP Port"
"email_smtp_name","SMTP Name"
"email_smtp_auth_method","SMTP Authentifizierungsmethode"
"no_authentication","Keine Authentifizierung"
"email_smtp_auth_username","SMTP Username"
"email_smtp_auth_password","SMTP Passwort"
"email_smtp_ssl","SMTP SLL"
"email_debug_addresses","E-Mail-Adressen für Debug-Modus"
"email_debug_addresses_empty_text","Liste aller E-Mail-Adressen angeben, die Debug-E-Mails erhalten dürfen."
"email_debug_domains","Prüfe E-Mail-Domains"
"email_debug_domains_empty_text","Liste alle Domains auf, die Debug-E-Mails erhalten dürfen. Alle E-Mail-Adressen dieser Domains können Debug-E-Mails erhalten."
"no_ssl","Kein SSL"
"user_settings","Benutzereinstellungen"
"error_deleting_object","Objekt konnte nicht gelöscht werden"
"user_object_dependencies","Benutzer - Objekt Abhängigkeiten"
"user_object_dependencies_description","Dieser Benutzer wird von folgenden Objekten verwendet"
"overwrite_object_with_same_key","Überschreiben"
"overwrite_object_with_same_key_description","Wenn Überschreiben aktiviert ist, werden Objekte, bei denen der Schlüssel bereits existiert, nicht neu angelegt, sondern überschrieben. Objekte die, nicht in der CSV Datei enthalten sind werden nicht verändert. Achtung: Alle Objekte, deren Schlüssel in der Import-Datei enthalten ist, werden überschrieben. Das gilt auch für Objekte abweichender Klassen und sogar Objektverzeichnissen! Objektfelder, die im Mapping zum Ignorieren markiert sind, behalten ihre Werte."
"object_import_filename_description","Wähle das Feld, welches für den Objektschlüssel verwendet werden soll"
"save_pubish_close","Speichern, Veröffentlichen und Schließen"
"save_close","Speichern und Schließen"
"webservice","Web Service API (Beta-Feature)"
"webservice_enabled","Web Service API eingeschaltet"
"webservice_description","Wird der Web Service aktiviert, können Admin-Benutzer die pimcore SOAP API nutzen. (Hinweis: Web Service muss aktiviert sein, damit das WSDL zugänglich wird). Bitte ermittle im Wiki wie der Token zu generieren ist."
"user_admin_description","Admin-Benutzer erhalten nicht nur automatisch alle nachfolgend aufgelisteten Berechtigungen, sie dürfen auch alle Aktionen auf allen Dokumenten, Assets und Objekten durchführen. Weiter können Admin-Benutzer via WebDAV und SOAP API auf pimcore zugreifen (dies setzt voraus, dass WebDAV und Web Service in den Systemeinstellungen aktiviert sind) "
"user_apikey_change_warning","Bitte beachten Sie, dass das Ändern des Passwortes auch den Web-Service API-Schlüssel ändert."
"user_apikey_description","Der API-Schlüssel wird für den Benutzerzugriff auf den Web-Service benötigt"
"apikey","API Schlüssel"
"successful_publish_document","Ihr Dokument wurde veröffentlicht"
"successful_unpublish_document","Ihr Dokument ist nun nicht mehr veröffentlicht"
"error_publish_document","Ihr Dokument konnte nicht veröffentlicht werden"
"error_unpublish_document","Ihr Dokument konnte nicht ent-öffentlicht werden"
"successful_publish_object","Ihr Objekt wurde veröffentlicht'"
"successful_unpublish_object","Ihr Objekt ist nun nicht mehr veröffentlicht"
"error_publish_object","Ihr Objekt konnte nicht veröffentlicht werden"
"error_unpublish_object","Die Veröffentlichung Ihres Objektes konnte nicht zurückgenommen werden"
"error_general","Es ist eine Ausnahme aufgetreten - der Vorgang konnte nicht durchgeführt werden. Bitte laden Sie die Adminoberfläche neu und versuchen Sie es danach erneut."
"missing_permission","Keine Berechtigung für diese Aktion"
"lazy_loading","verzögertes Laden"
"lazy_loading_description","Verzögertes Laden bedeutet, dass die von einem Objekt abhängigen Objekte nicht automatisch geladen werden, sobald dieses erzeugt bzw. instanziiert wird. Die abhängigen Objekte werden erst geladen, wenn die entsprechende get-Methode des referenzierenden Objekts aufgerufen wird."
"lazy_loading_activated","(Verzögertes Laden wurde aktiviert)"
"non_owner_description","Die sogenannten fremde Eigentümer Relationen funktionieren eigentlich gleich wie die normalen Objektrelationen. Der Unterschied ist, dass hier das Objekte in dem es angezeigt ist nicht der Eigentümer der Relationen ist. Es ist eigentlich nur eine Ansicht von Relationen die ein anderes Objekt auf das aktuelle hat. Wenn hier Änderungen gemacht werden wird diese Relation auch im fremden Objekt gespeichert."
"owner_class","Besitzer-Klasse"
"owner_field","Besitzer-Feld"
"nonownerobject_warning","Das aktuelle Objekt ist nicht der Eigentümer der folgenden Relationen, wenn Sie hier Änderungen machen kann es sein dass das speichern etwas länger dauert."
"element_implicit_edit_question","Möchten es Sie noch immer mit dieser Aktion verändern?"
"element_is_open","Das referenzierte Element ist bereits geöffnet"
"element_open_message","Das ausgewählte Element ist bereits zum editieren geöffnet"
"nonownerobjects","Objekte (fremder Eigentümer)"
"nonownerobjects_self_selection","Bei diesem Feld ist eine Relation auf dieses Objekt nicht möglich, bitte verwenden Sie das Objekte-Feld."
"warning","Warnung"
"csv_object_export_warning","Bitte beachten Sie dass der CSV Export nicht alle Datentypen unterstützt. Deshalb kein ein erneuter Import der Daten zu Verlust einiger Daten führen. Bitte klicken Sie auf OK um fortzufahren."
"Initializing","Initialisiere"
"import_archive","Archiv Import"
"export_archive","Export (Archiv)"
"element_export_skip_root","Exportiere nur Kindelemente"
"element_export_recursive","Inkludiere Kindelemente"
"element_export_include_relations","Inkludiere referenzierte Elemente"
"exporting_elements","Exportiere Elemente"
"export_items_finished","Elemente fertiggestellt"
"element_import_settings","Import Einstellungen"
"element_import_overwrite","Überschreibe existierende Elemente"
"importing_elements","Importiere Elemente ..."
"element_import","Element Import"
"element_import_finished","Import abgeschlossen"
"element_import_finished_hint","Alle Elemente wurden erfolgreich importiert. Falls referenzierte Elemente inkludiert waren, wurde versucht diese in deren originalen Pfad wiederherzustellen. Wenn der Zielpfad nicht existiert wurden diese im Home Ordner erstellt."
"error_renaming_object","Es trat ein Fehler beim Umbenennen des Objekts auf."
"element_import_import","Importiere Elemente - umbenennen falls Pfad bereits existiert"
"navigation_settings","Einstellungen Navigation"
"navigation_enhanced","Erweiterte Einstellungen Navigation"
"navigation_target","Ziel"
"navigation_basic","Basiseinstellungen Navigation"
"further_navigation_settings","Weitere Navigationseinstellungen"
"navigation_exclude","Aus Navigation ausschließen"
"allow_variants","Varianten erlauben"
"show_variants","Zeige Varianten im Baum"
"variants","Objekt-Varianten"
"variant","Objekt-Variante"
"add_variant","Variante hinzufügen"
"please_enter_the_name_of_the_new_variant","Bitte geben Sie den Namen der Objekt-Variante ein"
"remove_variant","Objekt-Variante entfernen"
"remove_variant_text","Möchten Sie diese Variante wirklich löschen?"
"error_creating_variant","Objekt-Variante konnte nicht erstellt werden"
"prevented creating object because object with same path+key already exists","Das Objekt konnte nicht erstellt werden, weil es bereits ein Objekt oder eine Objekt-Variante mit dem selben Pfad + Key gibt."
"allowed_class_field","Erlaubte Klasse/Feld"
"delete_message_dependencies","Es bestehen Abhängigkeiten, trotzdem löschen?"
"delete_message","Wollen Sie dieses Element wirklich löschen?"
"delete_message_batch","Wollen Sie diese Elemente wirklich löschen?"
"objectbricks","Objektbausteine"
"add_objectbrick","Objektbaustein hinzufügen"
"delete_objectbrick","Objektbaustein löschen"
"delete_objectbrick_text","Wollen Sie den ausgewählten Objektbaustein wirklich löschen?"
"class_definitions","Klassen Definitionen"
"enter_the_name_of_the_new_objectbrick","Gib den Namen des neuen Objektbausteins ein"
"no_further_objectbricks_allowed","Keine weiteren Objektbausteine erlaubt"
"problem_creating_new_objectbrick","Es trat ein Fehler beim erstellen eines Objektbausteins auf"
"structuredTable","Strukturierte Tabelle"
"position","Position"
"structuredtable_type_number","Zahl"
"structuredtable_type_text","Text"
"structuredtable_type_bool","Checkbox"
"structuredtable_invalid_key","Fehlerhafter Schlüssel"
"data_width","Breite der Datenspalte"
"grid_current_language","Aktuelle Sprache"
"grid_column_config","Spalten Konfiguration"
"selected_grid_columns","Wähle die Grid Spalten"
"object_columns","Objekt Spalten"
"system_columns","System Spalten"
"columns","Spalten"
"children_grid","Kinder Tabelle"
"only_children","Nur direkte Kindelemente"
"hotspotimage_add_selector","Hotspot hinzufügen"
"hotspotimage_enter_name_of_new_hotspot","Gib einen Namen für den Hotspot ein"
"hotspotimage","Bild mit Hotspots"
"hotspotimage_no_image","Bitte definieren Sie eine Bild zuerst"
"objectsMetadata_allowed_class","Erlaubte Klassen"
"objectsMetadata_visible_fields","Sichtbare Felder"
"objectsMetadata_type_number","Zahl"
"objectsMetadata_type_text","Text"
"objectsMetadata_type_bool","Bool"
"objectsMetadata_type_select","Select"
"objectsMetadata","Objekte mit Metadaten"
"objectbrick_saved_successfully","Objekt-Brick wurde gespeichert"
"cut","Ausschneiden"
"paste_cut_element","Ausgeschnittenes Element einfügen"
"file_explorer_saved_file_success","Erfolgreich gespeichert"
"file_explorer_saved_file_error","Kann Datei nicht speichern"
"reserved_field_names_error","Bitte verwenden Sie die folgenden reservierten Feldnamen nicht:"
"use_current_date","Aktuelles Datum verwenden"
"default_value_warning","Standardwerte sind weder in der Datenbanktabellendefinition abgelegt, noch wurden als sie leere Objektinstanzen gesetzt. Sie sind einzig in der pimcore GUI verfügbar."
"gui_default_value","Unsortierter Standardwert"
"memorize_tabs","Geöffnete Tabs merken"
"change_type","Typ ändern"
"keyvalue_menu_config","KeyValue Konfiguration"
"keyValue_datatype","Schlüssel/Wert"
"keyValue_groups","Gruppen"
"keyValue_properties","Schlüssel-Definition"
"keyValue_add_group","Gruppe hinzufügen"
"keyvalue_mbx_entergroup_title","Neue Gruppe"
"keyvalue_mbx_entergroup_prompt","Namen eingeben"
"keyvalue_mbx_enterkey_title","Neuer Schlüssel"
"keyvalue_mbx_enterkey_prompt","Namen eingeben"
"keyvalue_error_addgroup_title","Fehler"
"keyvalue_error_addgroup_msg","Fehler beim Hinzufügen der Gruppe"
"keyvalue_error_addkey_title","Fehler"
"keyvalue_error_addkey_msg","Fehler beim Hinzufügen des Schlüssels"
"keyvalue_configuration","Konfiguration"
"keyvalue_invalidname","Ungültiger Name"
"keyvalue_save_success","Die Konfiguration wurde gespeichert"
"keyvalue_save_error","Die Konfiguration konnte nicht gespeichert werden"
"keyvalue_no_keys","Keine Schlüssel gefunden"
"keyvalue_no_groups","Keine Gruppen gefunden"
"keyvalue_detailed_configuration","Detailkonfiguration"
"keyvalue_unit","Einheit"
"keyvalue_find_group","Gruppe finden"
"keyvalue_select_group","Gruppe auswählen"
"keyvalue_define_select_values","Mögliche Werte definieren"
"keyvalue_define_select_values_error","Nur für den Typ 'select' und 'translated' verfügbar"
"keyvalue_dialog_keygroup_search","Schlüssel/Gruppen-Suche"
"keyvalue_tag_title","Schlüssel/Wert"
"keyvalue_tag_col_keyName","Schlüssel"
"keyvalue_tag_col_keyDesc","Beschreibung"
"keyvalue_tag_col_group","Gruppe"
"keyvalue_tag_col_groupDesc","Beschreibung der Gruppe"
"keyvalue_tag_col_value","Wert (klicken zum bearbeiten...)"
"keyvalue_tag_col_unit","Einheit"
"keyvalue_tag_col_metadata","Metadaten"
"keyvalue_col_groupdescription","Gruppe"
"keyvalue_col_groupid","GID"
"keyvalue_col_translator","Übersetzer"
"keyvalue_col_metadata","Metadaten"
"keyvalue_key_unique","Der Schlüssel muss eindeutig sein"
"keyvalue_keyvalue_empty","Schlüssel und Wert dürfen nicht leer sein"
"keyvalue_data_keywidth","Breite der Spalte 'Schlüssel'"
"keyvalue_data_groupwidth","Breite der Spalte 'Gruppe'"
"keyvalue_data_groupdescwidth","Breite der Spalte 'Beschreibung der Gruppe'"
"keyvalue_data_valuewidth","Breite der Spalte 'Wert'"
"keyvalue_data_descwidth","Breite der Spalte 'Beschreibung'"
"keyvalue_data_maxheight","Max. Höhe"
"keyValue","Schlüssel/Wert"
"keyValue_group","Gruppe"
"keyvalue_translators","Übersetzer"
"keyvalue_select_translator","Wähle Übersetzer"
"keyvalue_data_multivalent","Mehrwertig"
"keyvalue_data_locked_title","gesperrt"
"keyvalue_data_locked_msg","Diese Mehrwertige Eigenschaft kann nicht in der Tabellenansicht geändert werden. Verwende statt dessen den Objekt-Editor."
"keyvalue_data_metavisible","Metadaten sichtbar"
"keyvalue_data_metawidth","Metadaten Spaltenbreite"
"instance_identifier","Instanz-ID"
"instance_identifier_info","Die Instanz-ID muss über mehrere Pimcore Instanzen eindeutig sein. Die Generierung der UUID wird automatisch aktiviert, wen eine Instanz-ID vorhergesehen ist (ändern Sie die Instanz-ID nicht mehr nachträglich - dies wird ungültige UUIDs verursachen)"
"show_metainfo","Eigenschaften"
"element_metainfo","Eigenschaften"
"delete_confirm","Löschen"
"note_details","Notizdetails"
"element_history","Zuletzt geöffnete Elemente"
"dashboards","Dashboards"
"add_dashboard","Dashboard hinzufügen"
"create_new_dashboard","Dashboard erstellen"
"dashboard_already_exists","Dashboard mit dem selben Namen existiert bereits!"
"please_enter_the_name_of_the_new_dashboard","Bitte geben Sie den Namen des neuen Dashboards ein"
"delete_dashboard","Dashboard Löschen"
"really_delete_dashboard","Wollen Sie wirklich das Dashboard löschen?"
"portlet_customreport","Individueller Report"
"portlet_customreport_settings"," Einstellungen Benutzerdefinierter Bericht"
"restrict_selection_to","Auswahl einschränken auf"
"clear_marker_or_hotspots","Markierungs-, Hotspot- und Zuschneidungsdaten"
"hotspots_cleared","Die Hotspot-, Markierungs- und Zuschneidungsdaten wurden gelöscht"
"localized_view_tooltip","Lokalisierte View-Einstellungen"
"localized_edit_tooltip","Lokalisierte Bearbeitungseinstellungen"
"localized_view","L-Ansehen"
"localized_edit","L-Ändern"
"maximum_tabs","Maximale Tab-Anzahl"
"deeplink","Deeplink"
"click_to_open","(zum öffnen klicken)"
"delete_selected","Ausgewählte löschen"
"open_selected","Ausgewählte öffnen"
"algorithm","Algorithmus"
"salt","Salt"
"saltlocation","Salt Pfad"
"add_metadata","Metadaten hinzufügen"
"pimcore_icon_edit_pdf_text","Textversion bearbeiten"
"pimcore_lable_text","Text"
"chapter","Kapitel"
"search_and_move","Suchen & Bewegen"
"custom_layout","Benutzerdefiniertes Layout"
"custom_layout_definition","Benutzerdefiniertes Layout Definition"
"configure_custom_layouts","Benutzerdefiniertes Layout konfigurieren"
"add_layout","Layout hinzufügen"
"delete_layout","Layout löschen"
"enter_the_name_of_the_new_layout","Name des neuen Layouts eingeben"
"layout_save_error","Layout konnte nicht gespeichert werden"
"layout_saved_successfully","Layout wurde erfolgreich gespeichert"
"special_settings","spezielle Einstellungen"
"special_settings_tooltip","spezielle Einstellungen"
"custom_layouts","Benutzerdefiniertes Layout"
"localized_fields","Lokalisierte Felder"
"custom_layout_save_error","Layout konnte nicht gespeichert werden"
"searching","Suche..."
"custom_layout_changed","Das Layout wurde während der Laufzeit geändert. Bitte lade das Layout neu und versuche es erneut."
"clone_user","User klonen"
"clone_role","Rolle klonen"
"add_selected","Ausgewählte Elemente hinzufügen"
"predefined_asset_metadata","Vordefinierte Asset Metadaten"
"new_definition","Neue Definition"
"target_subtype","Zieltyp"
"add_predefined_metadata_definitions","Vordefinierte Definitionen hinzufügen"
"rule_violation","Regelverletzung"
"mandatory","Verpflichtend"
"emails","E-Mails"
"disallow_addremove","Hinzufügen/Entfernen ablehnen"
"disallow_reorder","Aufnahme ablehnen"
"reload_definition","Definition neu laden"
"bulk_export","Massenexport"
"bulk_import","Massenimport"
"saving","Speichert"
"definition","Definition"
"fieldcollection","Feldsammlung"
"objectbrick","Objektbaustein"
"select_all","Alle auswählen"
"deselect_all","Alle deaktivieren"
"definition_save_error","Definition konnte nicht gespeichert werden"
"definitions_saved","Definition gespeichert"
"warning_bulk_import","Der Massenimport wird alle deine Klassen/Fieldcollections/ObjectBricks Definitionen ohne Vorwahnung löschen. Möchtest du fortfahren?"
"customlayout","Benutzerdefiniertes Layout"
"scheduled","Geplant"
"sent_emails","Gesendete Emails anzeigen"
"predefined_metadata_definitions","Vordefinierte Metadata Definitionen"
"naming_requirements_3chars","Der Name muss alphanumerisch und mindestens 3 Zeichen lang sein"
"item_saved_successfully","Element erfolgreich gespeichert"
"default_layout","Als Standardlayout verwenden"
"there_are_more_columns","Mache Spalten sind ausgeblendet"
"hide_edit_image_tab","Bild-bearbeiten Tab ausblenden"
"merge_csv","CSV importieren & vereinen"
"translation_merger_website","Admin Übersetzungen vereinen"
"translation_merger_admin","Website Übersetzungen vereinen"
"translation_merger_current","Aktueller Text"
"translation_merger_csv","Text aus CSV"
"nothing_to_merge","Keine Konflikte vorhanden"
"are_you_sure_recursive","Die enthaltenen Kind-Elemente werden ebenfalls gelöscht. Sind Sie sicher?"
"csv_seperated_options","CSV seperated options"
"csv_seperated_options_info","The list of available options can be specified as comma-seperated list, as single-column values or  mixed. For the single-column way, the key will also be used as the value."
"first_page","Erste Seite"
"previous_page","Vorherige Seite"
"next_page","Nächste Seite"
"last_page","Letzte Seite"
"no_data_to_display","Keine Daten zum anzeigen"
"extjs_version","Ext JS Version <span style='color:red'>(experimental)</span>"
"extjs_34","Ext JS 3.4 (default)"
"extjs_5","Ext JS 5 (experimental)"
